{"cameraMode":{"drawMode":0,"name":"Shaded","section":"Shading Mode"},"sceneLighting":true,"audioPlay":false,"sceneViewState":{"showFog":true,"showMaterialUpdate":false,"showSkybox":true,"showFlares":true,"showImageEffects":true,"showParticleSystems":true},"in2DMode":false,"pivot":{"x":104.61781311035156,"y":5.6385087966918949,"z":-81.57997131347656},"rotation":{"x":0.18074624240398408,"y":-0.7501020431518555,"z":0.22834202647209168,"w":0.5937632322311401},"size":1.692152976989746,"orthographic":false}